age,height,weight,size,size_label
56,162.89415379898892,82.0413157345103,2,S
46,182.3949778341854,60.80190912547998,5,XL
32,160.18562619055055,80.97939774489149,6,XXL
60,177.26010888895718,82.51005461990766,7,XXXL
25,180.40911439558747,57.601242656432404,5,XL
38,173.82554962431377,53.06748135553341,1,XXS
56,168.86304754200634,89.038079303422,1,XXS
36,166.47363656589073,72.99002118846602,7,XXXL
40,163.95473066171982,52.90818977527379,2,S
28,187.18116576991304,99.74331585848836,7,XXXL
28,183.22477631150917,52.88902804981833,4,L
41,188.6010764266605,84.75176144292766,1,XXS
53,154.9718889394218,99.18394626317068,6,XXL
57,179.23469900814578,61.95900521079628,4,L
41,187.53361827284152,57.11246843435981,3,M
20,157.2493226466264,56.069246971121444,5,XL
39,152.6598506946711,65.16375737837978,4,L
19,179.64482597160236,55.052290550532334,5,XL
41,172.97892452719648,84.60806708470659,7,XXXL
61,183.67315107033087,53.114589906503134,4,L
47,155.59089506505157,75.47110640748949,7,XXXL
55,181.8106924743956,99.83484269264883,3,M
19,158.06509280190977,90.69851347530094,1,XXS
38,156.54623771462818,80.76097191155054,3,M
50,156.57063191723972,65.31268103933058,1,XXS
29,182.58298880925528,81.19479181458192,7,XXXL
39,176.607888827848,76.35207319558258,1,XXS
61,170.92261699076477,71.30416919451858,5,XL
42,164.3532193649401,56.535518837009974,6,XXL
44,185.08802163252432,94.33021076202334,3,M
59,165.69780429690542,72.48923244106612,4,L
45,182.66397757886307,59.73112559103825,3,M
33,167.56539634280873,68.38796754386448,5,XL
32,165.0777771769963,70.70648762644635,1,XXS
64,168.50719142678426,91.37689477834371,5,XL
61,162.05511496656567,86.6807190280701,2,S
20,179.90437520705004,88.46524468206698,2,S
54,170.10881560369916,50.55156322143236,4,L
24,159.28850780587268,70.80769990898807,5,XL
38,185.98298293098273,74.06720758176618,7,XXXL
26,165.35564885492846,50.95961384115284,4,L
56,171.74211444455955,62.99066043725171,7,XXXL
35,186.25888443858187,88.01449115610674,4,L
21,174.9695198365597,56.855485286449955,2,S
42,154.67592162833455,76.76550657262959,4,L
31,187.593284944539,60.76009360086188,2,S
26,175.10832212285672,50.60603873219466,1,XXS
43,163.39622458628344,62.06007287997707,7,XXXL
19,155.5708829065355,98.7936877455027,5,XL
37,181.76100757081184,90.07685559414948,4,L
45,174.80291023714054,97.97883221605167,2,S
64,171.33844367905286,74.39270219631813,3,M
24,185.7557033220383,55.48680993387518,7,XXXL
61,181.54388844898122,77.39797444868465,4,L
25,156.06699518931003,72.71886672799805,6,XXL
64,162.46888271182192,92.2178541369808,1,XXS
52,159.93956559257862,54.90412903921223,1,XXS
31,179.7578517029071,74.4120568510889,3,M
34,151.34129738943116,57.50243323469921,2,S
53,172.79558739485265,66.23379634450299,4,L
57,180.49834742962761,86.86785386938999,7,XXXL
21,185.07062547046996,73.80090646843833,2,S
19,163.6832699486363,68.79441425728847,1,XXS
23,182.85029218688052,69.72381392850177,2,S
59,154.4252694782083,72.97233842029934,1,XXS
21,183.8580916693807,89.25082719185284,2,S
46,155.0995464932793,94.60423444701172,3,M
35,165.8914916224147,97.76673432519641,5,XL
43,181.89181463118214,89.34516931276475,3,M
61,155.99669709395096,65.77034478740063,3,M
51,159.17005580930567,84.4067353043271,5,XL
27,178.89010273572265,71.8801562027696,5,XL
53,178.80146146184296,62.73353110230256,4,L
31,175.64590531541188,92.04357897129613,7,XXXL
48,177.757937778684,51.92131744811625,7,XXXL
32,171.70897773390385,95.08809960677118,4,L
25,160.0719623562781,73.0738732312367,3,M
31,163.82783974015678,81.86007384041402,3,M
40,157.26390867205703,82.96769611028913,1,XXS
57,186.33802245334513,94.75588703532682,1,XXS
38,173.33567179064482,81.83348410836037,7,XXXL
33,166.0340566705456,80.69667923800309,4,L
62,168.4802321457653,53.3326020280345,6,XXL
35,187.89133358447262,75.9204010972602,6,XXL
64,156.1340561246432,57.50845004085208,4,L
41,173.4491932806719,86.87168843607428,1,XXS
43,170.23554715537864,75.61109604063373,7,XXXL
42,174.4581694173859,84.01138896041766,7,XXXL
62,150.72440735283362,52.083645030119214,1,XXS
58,184.88495635776604,54.23960080229016,6,XXL
46,187.2847312993445,85.81616940313411,2,S
32,172.60532734356835,53.60421679993367,2,S
62,177.8660329550757,53.56283638826293,1,XXS
18,186.89997524709185,50.605423761744376,2,S
42,178.28954537253594,97.82506991497401,5,XL
24,156.10156171657044,86.87541797295034,4,L
26,173.05153440667252,67.66257042510321,4,L
41,174.26860185531424,64.82677906438276,1,XXS
18,166.96522685209544,67.48516148729247,3,M
61,179.45776942498892,88.73267655905909,6,XXL
25,187.3746805907606,83.06853055352072,1,XXS
41,187.02274051627106,59.259778393373395,2,S
28,168.03357485616527,58.70546676670422,6,XXL
34,154.5295218336302,54.91978248566986,3,M
25,189.39364795849337,83.0151359850669,2,S
52,183.55592345783737,88.2186331110868,7,XXXL
52,154.98650724813066,63.2523214162502,5,XL
50,186.8336753046949,51.047248051545644,2,S
22,184.79585448248514,54.10858337382137,5,XL
59,170.7535222850429,98.39300174225153,6,XXL
56,173.65101742979718,64.77223887387102,5,XL
58,165.9601081548052,88.46115739190668,6,XXL
45,152.19046555288125,81.23317844271318,6,XXL
24,163.40788966583602,69.09698198264479,6,XXL
26,182.11413794392047,60.28436310977776,6,XXL
25,150.1852809201841,56.06932090797032,6,XXL
29,163.33996686764576,80.75064840194332,2,S
51,165.92674774363775,88.7316890318894,6,XXL
50,171.49582411751692,82.19521267705653,2,S
40,186.79422465651044,76.51510666245792,6,XXL
41,163.85383977463846,52.097561171581816,5,XL
54,163.8781280758491,98.42443887971919,7,XXXL
52,179.50004992438994,89.93570958272872,6,XXL
61,168.08871763559227,64.64110183504823,3,M
57,158.98419291759927,98.99851646794252,6,XXL
39,168.09758064530774,80.09407948181611,6,XXL
44,155.634280815192,79.12113291036232,5,XL
52,157.05547946024893,87.4036589714766,4,L
18,169.9347109095792,90.58848940450687,5,XL
52,166.75701798018193,82.82393036657513,3,M
54,186.593836042724,56.40478731831,4,L
64,164.49575596466534,66.91337529972492,1,XXS
31,173.22353401112173,96.40418201630249,1,XXS
20,175.2905715167812,61.230780592192595,3,M
18,150.52377826353336,68.60835119187567,5,XL
22,176.54149488066844,71.6038441472098,2,S
43,157.12143867479006,71.97024948472261,3,M
31,188.4428126987782,80.64697912472627,7,XXXL
56,155.9465091101245,97.15379188723537,4,L
44,166.58496494908096,62.034635591625246,4,L
26,153.41398672314574,56.0750688150459,6,XXL
32,189.8749700738379,59.873524492996864,1,XXS
32,170.0878004132497,94.34624501046348,4,L
43,173.81540069280175,82.2905406327603,3,M
59,152.6830590955371,64.29533946195801,4,L
30,179.9984188159671,90.79734694843086,3,M
49,158.39622372382343,93.0684998181718,2,S
56,185.92217157762855,92.3257169345139,6,XXL
49,158.2055856192803,95.94632668197772,1,XXS
21,157.62750882654666,62.612051008668075,4,L
47,151.4619867139238,87.75209643731392,3,M
54,168.88267780439998,73.026974863707,5,XL
40,172.59364533050467,92.09992764450308,1,XXS
56,152.6283455771341,86.42453385808065,2,S
62,181.02110466780042,88.82237232498623,3,M
32,168.1315533899211,82.80809188405357,7,XXXL
60,170.9756107731032,58.87143847348534,7,XXXL
46,167.63050987752914,77.25134594484692,6,XXL
53,166.03052243501304,99.23348697622541,6,XXL
30,172.3856132523287,96.86940332485594,2,S
49,156.2096098372285,52.158686789850584,2,S
24,157.27712521981084,58.24074078647186,6,XXL
39,184.4714248405407,56.58643867272809,4,L
45,187.8446184853453,86.29899549926478,4,L
19,164.93237265119012,90.88926649284726,3,M
59,160.82978692574216,60.675568315533596,5,XL
62,175.75998172956062,75.29263464759146,3,M
23,166.34936684392386,92.03515140056,5,XL
45,151.0154542264138,86.64007723831253,2,S
45,156.2461038946476,77.11186027459242,1,XXS
61,178.6388891538959,79.51738452293864,3,M
61,176.35695767640607,75.418027345814,3,M
37,151.08383970013935,64.87742256594103,5,XL
47,158.87888647731796,78.2510996429508,2,S
28,159.24299186352286,84.44426510250453,2,S
45,176.87570974394913,93.66614579304039,7,XXXL
42,150.78842151017457,81.8145676989624,5,XL
56,154.16434327938296,88.0560768521579,2,S
50,181.99664341492758,58.003581747728646,6,XXL
18,157.14178648217336,73.07787372098949,4,L
44,176.109844314075,50.46658099135467,7,XXXL
30,159.52731124186906,62.33394322608115,6,XXL
58,153.9776557103738,86.32308575565024,1,XXS
20,159.72688763997817,99.59049756746816,3,M
56,178.89067727422636,54.958904979360796,7,XXXL
23,184.22785872425143,70.07471579306441,1,XXS
25,183.20879458267967,90.00354843495798,3,M
44,165.8873411847382,60.20178173144494,4,L
26,176.72340546282584,77.7542474651143,2,S
54,158.19937181663283,86.65356480148374,6,XXL
50,161.72590921044053,80.79927251300896,5,XL
59,185.8534327408448,59.401236730770805,6,XXL
61,150.52007694042945,67.76922843428697,4,L
41,153.42034123417872,89.18958922426987,1,XXS
32,158.3154502058411,77.71132570660083,5,XL
49,151.0612881549528,50.261480677145634,2,S
49,157.2574174035919,88.0495380014047,4,L
41,173.32166243878768,51.76556774701196,5,XL
58,166.8569820236999,87.2866891365616,4,L
29,185.706868443079,60.124028008261874,4,L
56,182.69774246953764,97.90367400596901,2,S
19,163.67269406791505,68.39703756510423,7,XXXL
20,160.3769373372517,66.34658081690395,3,M
54,165.18769632669068,57.44440251662223,5,XL
34,173.61179770059232,65.28021077451075,2,S
19,160.72254563291506,93.83253809141003,4,L
19,174.96595631396536,99.81671688136237,2,S
45,166.37646608764962,68.41547652534241,7,XXXL
40,172.0818872340792,72.43053154772713,3,M
54,167.44506116541265,86.10354691013686,6,XXL
49,161.7786303816767,94.30978902325373,5,XL
50,187.93813227848625,79.6522167093392,3,M
18,180.54423176639042,69.57628490889147,1,XXS
36,155.6045270306581,70.63109204243119,5,XL
19,184.73871903591652,84.78090732484034,3,M
61,169.49724792998055,50.16091318021393,4,L
43,185.78208907576365,80.97946687299203,5,XL
49,181.99421023789262,67.77465052206787,5,XL
23,167.00854017876935,89.7098665638542,2,S
49,150.8987723328047,54.64953199115661,4,L
21,160.74709437539784,79.41011334741953,1,XXS
28,171.66536858643468,74.04864449430619,6,XXL
34,175.3391287930459,82.11627629526137,7,XXXL
55,160.3155074173281,53.24267972414842,3,M
41,155.57424296291296,78.99918937140657,2,S
22,183.39720947197196,78.07422939797618,3,M
51,189.37608722814207,78.03300472080855,1,XXS
23,171.02760729210743,80.17438332982275,1,XXS
39,156.86717143393213,83.82339686131812,5,XL
28,160.89229306077476,90.24944998403848,7,XXXL
33,150.73562706189867,63.49103600641072,1,XXS
50,186.57195226241996,91.2524705090031,3,M
26,154.71004331560565,74.91278411317268,4,L
23,173.06065902057014,53.852913956716556,4,L
33,160.96220882748824,52.92754646219896,5,XL
46,172.16712010063173,66.71191593480305,6,XXL
20,176.05681553407456,89.24484885557338,3,M
37,183.18967214828808,85.3840467370458,3,M
53,158.25685087042413,89.43074823362032,1,XXS
36,150.43983314633923,75.86345282208046,7,XXXL
43,155.4754252027523,72.00994989777453,3,M
20,186.0007456739242,57.372626335314195,2,S
36,184.95560310250062,66.40963768046558,6,XXL
37,173.89652408681232,71.70096830869376,1,XXS
49,174.02067441734613,54.43002148398086,2,S
24,176.60146698185022,61.03059763556056,5,XL
58,157.01485114493798,79.91126470318694,4,L
50,186.57647783699838,86.7831557119595,5,XL
57,166.75082099568291,99.91737556964748,4,L
56,165.3255411299799,96.65566656717789,5,XL
35,170.7567082113135,82.12825997675958,3,M
57,151.8786386710022,71.0624026647036,2,S
18,156.65133475024317,81.80886823541164,4,L
28,179.5213446570548,89.2825809040116,1,XXS
45,153.31194671700507,55.91680954616937,2,S
42,174.12608437865552,70.4952444848144,1,XXS
40,159.81396438725284,91.99011428178086,2,S
48,165.57182456167905,69.1916475966522,2,S
47,161.547749470828,78.59361356135932,5,XL
59,164.22690865859798,79.38846804310991,4,L
52,178.7618362073698,59.22381265668197,4,L
24,161.884868624927,68.11177208261442,7,XXXL
33,172.65618561187588,66.72556443709661,2,S
43,169.042016087964,51.30983542660324,3,M
19,176.5468466145059,51.209588194567765,3,M
18,187.47318957299032,91.58485218378868,1,XXS
29,179.30288388841,63.65354049864062,1,XXS
22,158.59761514363026,75.90393831194078,5,XL
54,151.2473254024514,64.93627867943866,2,S
49,160.49056177199301,97.03396225576702,1,XXS
26,173.8031172280102,62.964837943288686,1,XXS
58,152.05703253937003,71.48284063694675,6,XXL
52,169.85464988804947,93.63651252423008,2,S
36,173.87371395667557,92.09667833959043,5,XL
33,163.36975563267845,59.305070892313864,1,XXS
20,180.8364881498329,90.13216548978552,5,XL
37,154.26393012535087,72.90934433689463,4,L
41,153.00551126943236,74.14844360426775,5,XL
50,179.12755024814413,56.67399862079719,3,M
41,169.81965264824794,54.03007568785623,3,M
28,177.53609585710944,86.39696534868827,5,XL
25,167.39309354414985,74.82305761776499,3,M
53,159.85608132956426,71.84253513075898,4,L
55,182.76409270696797,86.47541143261984,2,S
57,181.97663515875917,88.27564494955548,3,M
37,177.7878588341771,57.94540838346768,3,M
52,160.8858054891985,80.51125747388207,5,XL
42,173.60922667476348,56.76770411388428,4,L
52,164.43895587760107,87.56875430145229,7,XXXL
42,153.66328293306537,82.84775781335698,7,XXXL
46,186.69254301848972,97.8307310541729,7,XXXL
35,155.47274523675844,53.44790081782106,7,XXXL
63,188.0094941528321,52.852736057562716,2,S
35,167.84023091831824,64.10935373466,5,XL
19,157.4053171535448,63.0852841867953,5,XL
52,171.67603789513433,62.348939953599995,6,XXL
33,184.91783343505634,95.31272902605184,4,L
58,179.28899545638245,62.477309992475305,7,XXXL
53,182.262445914458,63.59748630643155,2,S
50,176.3513346684287,87.96991312089818,4,L
21,177.6910625807141,72.486992122527,7,XXXL
50,183.96782606261277,88.83552784775907,2,S
31,159.98672035436743,53.26830787821926,4,L
38,169.57699854572562,74.37855968366921,5,XL
37,158.8483776727841,51.680680009164135,5,XL
25,189.50672031986588,53.13266017276773,1,XXS
24,187.76237358746454,95.32187266722055,3,M
20,151.57707245474023,56.96226855587976,7,XXXL
34,178.22300690062752,76.62103411376086,6,XXL
50,187.00993269662663,70.55478013003533,4,L
29,157.22301380509333,67.36716631294213,6,XXL
39,172.7178092221052,94.99166728436361,1,XXS
39,186.61953190352168,51.091169838774476,3,M
63,151.35783914343196,83.18948430877946,4,L
47,177.8968106898736,98.16972171067752,2,S
55,161.89396029490203,78.0084091730921,7,XXXL
55,186.97584781506123,96.84112310165459,3,M
62,188.8423298066147,52.612893964301186,5,XL
25,187.77065956453737,70.93966595370807,1,XXS
44,168.96856866629855,63.007889548102554,3,M
44,184.48170603957254,86.54104824903649,7,XXXL
51,183.7819759414028,99.06485452486234,3,M
38,162.7640189297302,62.82650312221239,7,XXXL
47,183.1566189660271,82.70873007370372,5,XL
50,151.4803053886197,59.904881637987,4,L
45,173.85079513928213,78.2665127285805,2,S
64,159.2003534915081,73.19662433441681,5,XL
50,154.82267543109114,98.60026648157685,2,S
22,153.07812806516836,80.42636363482333,4,L
36,177.8515510351256,67.47531860434094,3,M
21,163.59499855072264,55.704789244396665,2,S
52,178.99067086115045,57.56234143674673,1,XXS
34,152.6142536319577,61.26584649756175,1,XXS
61,162.61161351322443,62.5483330670149,7,XXXL
45,171.5796516950135,92.5308028920569,5,XL
47,181.62892659355853,78.06113941412625,4,L
46,162.75010011728278,76.16954556871832,7,XXXL
63,175.03565505748037,55.73844359346087,5,XL
23,185.43910992944748,93.00698466747176,5,XL
52,174.6345275272922,86.14071516042418,7,XXXL
58,159.31837899014536,53.38341809500008,6,XXL
54,150.97603126226153,85.39175486148844,5,XL
41,184.8039549560372,77.1769108671323,6,XXL
46,150.85077643401547,54.08626728733891,1,XXS
63,184.98806690736797,72.91503207643282,1,XXS
48,171.15748536108848,74.23481435650234,5,XL
52,187.56270794051585,58.28872700816379,1,XXS
50,181.9513294309466,97.28490735001412,4,L
38,189.9173644213335,92.4987685740331,6,XXL
49,164.0284726180684,83.45111686645541,6,XXL
40,180.68753155724508,73.11477805003037,5,XL
50,166.0772365443697,70.58827707922542,1,XXS
20,169.19502481215636,82.5486733575477,2,S
35,175.1002185287348,77.27159347034527,7,XXXL
42,184.94708456745354,53.11365529409428,7,XXXL
59,189.3633387679718,75.62513243851659,6,XXL
48,180.73093655458072,90.32018086164197,5,XL
20,166.71067128669335,72.96199387984791,5,XL
57,166.8542800910828,52.59782887771342,4,L
63,179.50329206355565,89.31390996920166,3,M
41,159.5510858307321,60.06818910679872,3,M
49,154.41896452525577,62.93104174440194,6,XXL
64,164.18488630563107,58.235317671614794,7,XXXL
39,161.48955966616327,66.51075324357488,4,L
40,161.8523248182396,87.83757528443175,4,L
19,159.3443100419964,75.96929297519686,4,L
44,151.68372758545448,60.24406370753563,6,XXL
59,150.71495738933655,93.89150390760204,3,M
19,189.50889558944127,93.97909274757646,7,XXXL
43,167.1109253494345,93.52892125230034,4,L
34,165.37306588638728,61.93981056907697,7,XXXL
57,177.18589130772278,72.56196720904941,1,XXS
50,158.73015551460256,99.24948280704376,5,XL
26,187.998447358009,88.60062381549952,5,XL
60,181.4538005766221,51.35837106127799,7,XXXL
56,153.57644009249037,53.2602295630246,2,S
46,166.70323103139714,73.19656884061664,2,S
59,185.16473230248658,95.461010293078,6,XXL
43,187.7892808916564,76.93508989763572,6,XXL
52,168.69606044999477,74.89062540171452,5,XL
42,174.53645556842832,55.27368499783153,1,XXS
41,156.681357843683,82.8390052362147,3,M
30,189.64674504547907,91.10515803001127,3,M
24,159.26686805533774,69.02100037537812,6,XXL
53,187.70927096540504,88.78059254626638,1,XXS
62,175.98586595969473,98.22383269504058,6,XXL
37,174.30947179515437,60.188322956384454,3,M
18,170.50754044066034,76.16648155973706,7,XXXL
25,159.22679246871036,64.35689790422877,6,XXL
63,157.06112128022033,89.64272095169197,4,L
33,158.819448362807,78.87966829405788,7,XXXL
31,157.45753048577018,81.72912087751519,6,XXL
29,181.18337894267012,89.8957079807947,5,XL
40,164.0050103666692,69.79852363312274,6,XXL
32,152.31370706253585,95.75450342035217,5,XL
45,188.76410520563246,76.65144336230699,1,XXS
51,185.35143539853703,57.8977411417674,3,M
19,187.1100913278085,84.79495590844013,7,XXXL
49,189.7963129058574,89.66306752191272,7,XXXL
40,156.9558099687795,65.83808385337633,2,S
39,165.84968075610635,92.85896284993765,2,S
42,180.32953902816365,95.30716273828833,3,M
39,177.8408247221517,63.84522436889045,2,S
39,156.1558362535942,99.1760736357611,7,XXXL
59,182.6333249996247,57.03557640243792,6,XXL
23,158.97762287346643,60.1007834201245,1,XXS
32,158.95270459290492,59.21124196190131,1,XXS
60,171.47897691573655,94.69948550039352,3,M
54,173.71759739366811,82.7146276162481,2,S
50,173.20344831351244,57.60521416111364,6,XXL
25,153.6594734959102,72.01617091841744,1,XXS
61,185.0984345052152,80.76490125349011,1,XXS
61,160.62400170354823,54.173204249469165,4,L
22,155.18059685131217,94.12081842036693,4,L
56,185.5499231947591,90.18017677207675,7,XXXL
21,188.22605992919014,75.26033867883191,1,XXS
23,184.48510469061802,98.35633076295852,3,M
62,182.38064298899513,70.88804896375498,5,XL
49,176.20967922556088,99.20551595182489,5,XL
47,172.0342948243656,83.39599994018135,6,XXL
64,153.4794703964564,81.73356366269707,1,XXS
52,166.33812852282796,58.29774476478925,1,XXS
57,164.90754068049256,94.0963879152322,7,XXXL
33,160.39015135041305,71.37448439603077,1,XXS
30,178.9368045475434,58.111670289123964,3,M
59,169.83502940315083,50.630375998787954,4,L
47,153.24184863630592,77.98778418191912,1,XXS
36,158.80732807799245,76.36998110613382,1,XXS
34,177.33035054638384,85.96768111845793,7,XXXL
36,153.045234379612,94.51290265089011,2,S
45,184.04827656195076,53.97032923215148,7,XXXL
43,169.80586108055897,86.57482451701811,7,XXXL
54,169.22346309306593,59.37059720487911,3,M
43,173.6963113863807,92.9088526578582,6,XXL
40,182.98723863700596,90.95317569308281,1,XXS
26,163.91236831608774,77.03968774927722,7,XXXL
29,177.12064610236254,85.51213993116558,7,XXXL
18,172.62927855983165,65.71750565918742,2,S
18,160.68113080677685,73.55839494664073,7,XXXL
64,185.1451994542063,91.08184488552358,5,XL
51,181.89704086427713,72.96325985866069,6,XXL
49,176.33807338633702,67.88991326627209,1,XXS
42,184.02326916376967,74.710622362515,1,XXS
57,184.6917680383921,91.41246262186093,2,S
62,178.3345190686014,66.76040236854364,3,M
18,183.48053313454687,58.68807965678719,1,XXS
33,177.89885846677134,85.60070101653903,5,XL
56,177.20563087041202,91.2989106354041,1,XXS
22,174.74445512860737,55.031873926176665,5,XL
39,180.10866558230566,61.993705637797234,6,XXL
46,156.34420421172294,57.09859948804969,6,XXL
20,185.23483036795713,67.39707057910833,4,L
29,184.8737411098093,72.51754894527063,4,L
43,151.16989132138235,87.44131684816531,5,XL
33,183.0326700225905,82.5573792440837,3,M
54,155.15479469893782,81.04642837392156,1,XXS
39,163.40475417036566,67.61874733048272,7,XXXL
46,179.74033025166432,92.072377654238,1,XXS
31,156.43039584193232,73.56435836990823,4,L
45,182.71868096476248,98.95524690075773,7,XXXL
22,183.2853671183097,81.70710691478683,5,XL
64,170.29870935043346,56.313237078225136,7,XXXL
47,150.25543486867335,83.80887810377169,1,XXS
63,161.48152532699652,66.25520077158495,1,XXS
22,174.6770767350297,84.31635983430488,3,M
29,189.24744712109694,53.48205740812028,2,S
33,175.27254108066674,58.744071858797966,7,XXXL
43,160.3921432425664,92.78686294528931,4,L
43,175.36022812398446,61.358977851175744,4,L
38,171.59941518863423,91.852056262147,2,S
56,181.19381580604573,63.96380442272052,1,XXS
53,154.27922555307833,82.14409550293539,3,M
50,180.44111610008113,84.70752867549155,3,M
47,171.6506631470444,75.63273765725265,4,L
54,188.51968015435978,65.26553383483656,3,M
40,163.67488664154743,60.632218818554804,6,XXL
27,175.30487572535793,51.659467728121314,2,S
22,187.2811242204007,65.1973200620362,1,XXS
53,154.10038911962718,82.65813952656416,6,XXL
51,187.48913948945804,96.91524092242413,2,S
48,177.51542889203253,93.5602241131526,5,XL
27,152.71348236420687,88.30323882676512,7,XXXL
36,162.03854267787264,89.42236716266493,4,L
49,178.32688354581126,83.24924517379976,3,M
18,152.69402405875087,63.01434287830015,5,XL
22,173.28681840705093,95.3597515352915,3,M
62,163.83532227811827,83.53661559529169,6,XXL
21,174.8366207106991,78.02203154902199,1,XXS
33,151.8296813525005,55.54947346067405,1,XXS
41,184.86147224609505,72.35277719032126,1,XXS
33,188.9395587670959,73.01791356009632,3,M
19,188.75511421142767,93.2281804761335,5,XL
45,179.986073269717,77.33241100938943,1,XXS
49,155.20344960522527,69.02002744852048,5,XL
44,180.3305278371609,98.84001642553297,3,M
37,150.98347665835206,55.536029666315784,6,XXL
41,150.8849420611599,71.12742141559723,5,XL
29,162.94440876598165,52.10123375857027,6,XXL
52,169.54572761618664,86.99520603834651,3,M
50,180.81629671231173,95.90382760995753,3,M
50,177.3318150642602,64.00186647752447,4,L
60,167.83610825506995,92.91708383995604,3,M
54,160.94506665126664,64.61091152309488,3,M
29,189.88498000630844,95.53850808219576,2,S
20,167.04725208943893,87.6980951798392,1,XXS
18,168.05548097318703,90.24533884207193,4,L
50,156.54495284766676,50.90032778002273,7,XXXL
57,181.79238194999718,98.1405178537013,4,L
27,177.74728903125956,86.33354960351616,4,L
60,158.8307845115504,65.23755476930667,7,XXXL
61,153.2952418246337,91.46973324294234,2,S
46,177.21997208298853,64.0760599207465,6,XXL
30,176.18044857124542,93.6376919783064,3,M
29,160.93038107992837,55.62901952059685,1,XXS
48,188.0345424900164,85.18429887303978,5,XL
63,156.042315671236,77.03492383224551,7,XXXL
19,167.29339204170407,54.82672350977204,6,XXL
52,187.74463680670397,62.09469141294195,7,XXXL
40,166.7890926770449,50.62020181386574,3,M
34,175.54103790656342,73.43839827322529,2,S
43,165.90377591851177,65.06326303800002,7,XXXL
25,160.9686080939468,79.91787421488795,3,M
46,189.35910591839314,64.86189038543085,3,M
43,166.3733602526017,64.99595557534923,2,S
27,185.76396814716537,87.15965993658017,4,L
43,159.19818423564345,52.40714179891767,4,L
51,158.52418816100334,95.14474975959936,1,XXS
58,151.24536331538044,92.61319371955906,1,XXS
24,176.0666730150354,83.39023416132034,4,L
21,164.74105374895043,79.66107850536922,6,XXL
62,184.57432999358548,94.61512490698262,5,XL
28,168.9283962676623,59.26650897643572,3,M
46,188.72773711658886,53.948458109541434,5,XL
53,157.42102062812484,61.9755084954769,3,M
42,184.74492671822443,89.72891393500952,4,L
38,181.06387411166966,51.733513336324165,1,XXS
53,180.83687378576207,79.14034175417449,6,XXL
27,183.7913291246755,99.7718758095655,1,XXS
54,180.44095963771997,92.78480469187697,5,XL
26,175.04881286525662,76.07228445217947,1,XXS
41,155.2497951072955,53.18204546433212,4,L
52,151.30104717965008,91.5686757192855,6,XXL
52,186.83391391262748,79.94892540886053,5,XL
53,174.66601258082952,55.746649852978344,6,XXL
35,181.86149163904705,54.69286424116781,3,M
56,169.260894060502,95.48134097182961,1,XXS
49,154.69232755849578,83.46001314690392,6,XXL
41,155.00743168810203,91.46433996583778,2,S
40,177.42261148915884,93.94894501411336,1,XXS
49,167.2122357959785,78.58861760241611,3,M
54,158.02098906801348,75.87231758775206,6,XXL
29,169.66378186965747,71.5213705160495,5,XL
30,152.56835748300537,65.84732938955597,3,M
40,173.27885607657595,71.72979804293558,2,S
42,160.7597361774039,88.69398278650782,6,XXL
52,181.90236402548751,80.09617155075658,7,XXXL
58,162.41447835694294,94.62616449774231,7,XXXL
47,168.20880596327206,72.16900071895938,4,L
34,150.46482159632401,80.35447893593769,1,XXS
37,152.89787551178236,81.56537765459944,5,XL
42,165.6997422562674,79.58485811531628,4,L
39,169.19755338868495,85.13168865427582,6,XXL
30,174.00082192477214,61.871673418740315,7,XXXL
36,161.66650314837213,75.61818887728953,7,XXXL
53,177.7992754450617,55.21124014041738,7,XXXL
29,184.4048958875682,69.22556638224063,6,XXL
58,181.19403955573398,74.38335343106323,7,XXXL
36,151.5847530139343,82.61121297727362,3,M
29,169.22027789031316,97.52655262931017,6,XXL
26,154.197207136727,80.03255332741779,5,XL
24,159.6818006345011,87.17969580882799,4,L
45,189.46650373068587,75.31330297476013,5,XL
31,155.69982171606054,81.70520156881656,2,S
48,169.95552613805424,53.54661080668867,7,XXXL
36,174.72622937272476,62.71957904209235,2,S
64,178.09859882176414,68.09265466025693,1,XXS
33,172.38594733947656,73.62466775032567,1,XXS
22,150.39083389676733,52.282437275119186,2,S
52,163.0584523297597,57.001204877665884,6,XXL
29,170.70846573538847,63.84071538956529,5,XL
42,153.51465996579333,98.57663454505254,2,S
38,164.02507724836724,66.56735035515254,1,XXS
53,151.32812435165465,74.10205290560413,2,S
40,153.14313988620083,59.80488563691965,6,XXL
33,165.87693104806385,80.5390035537884,2,S
56,155.30863016172242,64.03416077579871,5,XL
62,172.70163393046232,60.34962892192134,4,L
59,177.57859876549063,75.82863142229895,6,XXL
56,182.0234679643633,50.27528995802104,1,XXS
31,158.0060097697924,50.383201632461265,5,XL
48,156.6993032903628,60.95344045509289,2,S
22,154.18271361337602,51.83606812504106,2,S
52,175.45720998174548,55.40128770653457,4,L
40,178.25902905947603,66.94303246693758,1,XXS
46,151.26344579302568,90.12928397899064,1,XXS
60,187.4484898497476,78.60243216846504,3,M
28,152.07885134605888,75.63338629782082,1,XXS
35,171.6518534120428,64.67444116040608,4,L
64,178.36242077803666,96.58768597164081,7,XXXL
29,184.83876494984344,69.85075206185958,3,M
26,178.5634772852971,54.35463833978857,3,M
27,182.06912332279168,80.85332580589007,2,S
61,163.57800770171224,55.69191967383007,2,S
34,182.5930045498605,67.2611571400846,1,XXS
55,153.204593855387,75.37059693589045,3,M
24,185.7926662424211,93.71112623425878,2,S
63,171.90369504614944,74.67732901700593,4,L
30,182.69191079849975,85.11293830158321,2,S
57,168.092731380732,99.64084194995351,6,XXL
59,175.743107807861,56.57445599489908,6,XXL
26,171.05610643744453,63.73657627597598,2,S
44,179.26358087021327,69.72880377988233,3,M
19,153.26519928122357,71.09140892694157,7,XXXL
22,152.41408335962257,70.55105376327728,7,XXXL
46,159.88412936040586,95.38055012782775,3,M
54,156.38178720452754,85.70163222334281,5,XL
55,184.87134266368807,80.39526070453519,7,XXXL
36,158.76855949432178,65.46863589313911,6,XXL
25,189.03461023276526,91.18951921106473,4,L
62,163.4758316708443,97.75302557424945,3,M
18,157.28471662754797,91.05991412751132,1,XXS
39,181.58794028569918,50.078255259573645,6,XXL
34,176.34831102003506,81.82006850917035,4,L
24,169.92782865812555,52.556769072105034,4,L
42,172.21454203750525,62.880361016686095,3,M
62,178.76807113089055,52.97623501738858,4,L
21,159.13818965325194,80.18977264746938,3,M
53,189.85335664226966,84.32949567463034,7,XXXL
23,188.9917264858713,55.72438190329525,2,S
48,176.01302745387747,69.19194415224898,6,XXL
36,157.9816980371658,72.8118254477771,5,XL
61,177.20912969725165,68.45265108804583,2,S
56,152.88793635916704,56.05125002425965,6,XXL
44,151.22610008823224,70.94738950937378,3,M
27,160.30731554044854,87.55890239042091,6,XXL
43,168.50491826957264,53.550383226662774,7,XXXL
36,184.73090021633521,54.00900070409517,3,M
56,179.08676279065233,67.73856459179922,2,S
20,179.70826084799924,97.08628558094625,1,XXS
62,167.01973337792302,83.42863233614571,1,XXS
30,163.83739970187852,83.93349783362824,6,XXL
45,164.8415505193841,68.09599954189325,1,XXS
37,189.5059825494423,79.68303956042692,3,M
45,151.6043676564993,50.50655920138717,4,L
25,184.68125984489794,81.80480232047711,3,M
58,173.14701634289574,95.66434737881184,4,L
56,167.54461676758362,80.62867341724096,2,S
18,179.01030641660546,93.68492967331724,5,XL
20,169.4667576569881,86.19865277330469,4,L
30,184.93692952326643,56.02792082018451,1,XXS
45,186.02807456045034,95.12266536429209,3,M
42,166.86883707493823,53.322192217788746,2,S
50,161.07311188940207,76.6983736273882,1,XXS
55,173.69401314373448,57.10685618967288,2,S
23,186.49453382466766,50.5853305365452,5,XL
61,158.42648756022666,71.10171300638194,7,XXXL
62,174.9186633425393,64.75203538270782,3,M
49,175.26240880370082,74.30002468988015,6,XXL
62,179.32452089661123,78.85999433672754,3,M
64,155.2627074050904,52.186953615447365,5,XL
38,178.63299858728354,56.15016475618728,3,M
33,186.36130082662564,77.93211982252127,6,XXL
38,157.18732435480968,67.15836765863291,4,L
28,159.5017329969551,86.45867437747239,2,S
54,188.85580376166558,82.614582429597,6,XXL
53,157.2390781083796,92.28021814949534,1,XXS
52,184.17540373478317,84.62464133346126,5,XL
36,169.69111425792138,71.49655386950741,4,L
37,159.8892429761271,83.64833111972162,1,XXS
35,184.82999605090046,63.76905871277093,1,XXS
64,167.81221020010662,65.31567493891063,5,XL
58,170.59269415718762,89.44925799603966,4,L
31,164.36933477599064,72.32097582007911,7,XXXL
32,173.7180340573971,89.91901702591763,1,XXS
48,156.54095490340092,91.12111868341393,1,XXS
18,165.64326146607044,92.8781168830642,4,L
20,188.7764928934115,95.83176179206036,3,M
33,160.3253373080451,71.5492610256648,1,XXS
40,176.2694665816517,65.94334091605694,2,S
28,163.0076025689878,79.1099373297057,4,L
29,180.93892502746402,68.55862117188138,1,XXS
27,155.234946428734,80.05370834001165,5,XL
49,188.79284180314178,85.27929313219123,6,XXL
33,168.15158165534558,84.42025092460685,2,S
25,159.44201853385857,68.72764435100606,6,XXL
55,152.9398698932005,58.34301008493764,6,XXL
29,156.79031620350162,71.52646692311038,1,XXS
41,170.7909579422407,57.12970720409544,2,S
45,163.48012705725145,94.50485175919042,2,S
25,183.15533463530437,67.29387303689288,3,M
45,167.23550094647223,57.72298736116619,6,XXL
53,159.94857090350519,51.272387995287545,2,S
43,174.6857994641612,82.29111931432422,3,M
25,178.27108867541784,81.84511587273715,4,L
45,156.681676316038,67.03020832906458,3,M
45,156.7047686515327,53.58559444238255,5,XL
54,151.46685707734173,70.4814447447616,7,XXXL
58,179.4560806026256,65.56087475316968,1,XXS
53,176.5521811048722,83.85603198675047,4,L
44,168.98523502999257,80.28896247263452,7,XXXL
34,183.7668179587679,68.229686409877,7,XXXL
26,182.22680611800212,60.894627712749504,4,L
50,173.41417457587008,99.40179830777959,5,XL
37,184.73085122053035,72.70008105980574,3,M
30,158.23364840147073,84.41371178901186,1,XXS
45,154.47678477590912,57.02764837891804,3,M
46,160.7899844606796,74.27948498296989,2,S
30,152.28347424357258,51.37683599347327,3,M
63,171.24678112004128,75.2727558955225,4,L
52,187.46422769179844,98.20087035588512,1,XXS
23,151.5737416267404,69.21033564929002,3,M
35,154.88439656040106,51.94980062874558,1,XXS
22,168.0879611313374,51.54778954596718,1,XXS
64,187.35500070111618,69.39933799734348,2,S
42,162.64624419907003,58.001246823159704,2,S
19,170.28939234753568,51.167604816409295,4,L
27,151.66291436201567,87.81068069750884,5,XL
47,155.93372803848357,72.92615044409453,7,XXXL
62,189.4652049183539,64.46223859863272,1,XXS
22,188.60474785744182,95.00415915082404,5,XL
50,150.19759923737638,55.80694801002628,7,XXXL
18,188.07247141692955,97.79594144776595,7,XXXL
35,175.56479751262,65.69833586886764,4,L
49,184.7167317808009,94.42018361543407,7,XXXL
64,168.18959422535437,80.14714382397308,7,XXXL
28,170.62384114317,91.33536798707436,1,XXS
38,169.5538632102768,99.2006581605232,1,XXS
43,176.67457030184417,64.42027189093729,6,XXL
42,155.5860501902525,98.05677427037965,5,XL
39,151.19894359490712,69.47409474512102,3,M
44,162.31719766364765,69.27559523684612,2,S
30,178.18723050946588,67.01935521272529,3,M
50,158.07413808491793,77.07038036737926,5,XL
51,176.9372973329967,57.707252158924355,2,S
58,188.7964818442908,77.68557426790056,3,M
52,153.75602863157673,77.0852406205002,6,XXL
18,176.90408472900504,88.0950906302435,2,S
38,167.75000877218284,91.68249809687927,1,XXS
23,184.72569017510023,72.0220675156212,3,M
45,157.08599157789544,65.11666246757468,2,S
34,177.70503808904658,62.96674486585472,6,XXL
22,183.52461158592442,59.73119183524359,7,XXXL
48,187.78456877896093,52.882379109951245,2,S
22,177.32992113158582,67.12239894173567,2,S
55,169.8869905603371,63.512384606539165,6,XXL
20,174.71388960804856,98.32086929332037,7,XXXL
40,184.7561993791487,77.8854413125022,3,M
54,172.8243898655532,67.36385195152538,4,L
54,151.21548238787346,79.0233800496848,3,M
27,187.23794782027912,56.95983506728477,7,XXXL
27,177.58107004126245,72.20218746011014,5,XL
36,177.06053543108987,81.31171607105318,6,XXL
34,158.62700609590868,74.44489158962257,3,M
38,176.3554188093063,70.08894003271621,2,S
31,165.75457622616634,99.6924194449849,6,XXL
26,176.0493190816597,94.01573810744635,1,XXS
63,154.26372121231964,81.17029790797201,7,XXXL
18,176.31381218412145,78.46886805911414,3,M
62,189.97654903082667,81.0330239912292,6,XXL
30,151.92848155442223,60.065605391121665,3,M
21,189.0869673688527,69.75688716321594,6,XXL
18,166.27631842891483,51.972976644544964,2,S
57,184.83013801349037,73.77730187434133,1,XXS
49,181.29541936233093,77.15122919788315,1,XXS
51,172.68065043946672,61.38748680516048,5,XL
45,179.53796837005305,98.20144235827568,6,XXL
48,185.14062245205392,95.4727305468621,3,M
25,166.16561286604133,86.1071617727953,1,XXS
56,163.08132646252955,76.66933143826813,7,XXXL
43,176.7037354225434,93.49845798238425,1,XXS
51,182.31383767765033,56.532617191173145,4,L
20,180.49140539106463,89.52548971374425,4,L
29,181.91254595434538,56.24104069834242,1,XXS
18,167.4233325925173,89.71053312747027,6,XXL
61,182.71336864700086,63.78837841256785,5,XL
22,154.80836221482434,93.85452905090945,1,XXS
47,171.77956391843398,97.2021046912699,2,S
47,150.23034641992487,57.43979847025578,3,M
34,162.98343319601082,73.13378025326968,5,XL
64,164.65846139485592,99.04936890813426,2,S
40,165.8469076643702,74.17037179865733,5,XL
32,177.8186882675945,93.17737612572725,2,S
54,165.54232405081382,79.436576106566,3,M
38,167.94774490490124,68.76649539598009,3,M
31,159.5017652349731,64.28917777629351,4,L
19,164.9300716651736,60.16115455430436,6,XXL
28,159.09078509052605,88.08990956888486,2,S
56,152.92783695073774,69.3270253411514,4,L
55,174.1379437352551,75.56377311003756,2,S
51,176.72851194220064,74.6162740000591,4,L
55,174.77961384038457,78.86395146165657,3,M
51,168.53976175202288,93.2788572812276,5,XL
35,165.1914312071692,99.03696717917147,7,XXXL
47,184.53334598287302,70.37921042869084,4,L
32,170.76327140544873,91.37594610531515,2,S
44,169.16727510518925,88.22638973273588,2,S
51,151.02568263225743,78.67644757277867,7,XXXL
55,163.64991310504627,97.80235718059666,6,XXL
50,165.2078247514343,60.023725776420136,3,M
41,165.95291123587603,55.46321051548107,2,S
32,173.20689476909328,92.69809834777111,1,XXS
47,171.34410186907513,71.95749083168741,5,XL
59,174.31620371173778,92.34844271035303,4,L
34,180.59533046168514,94.65451025977075,6,XXL
22,182.51942954864376,53.122879680953574,7,XXXL
46,178.72492304905978,94.17323814930303,5,XL
21,188.2209478381974,72.4159527684711,3,M
27,150.72930330705447,75.52162445021162,6,XXL
34,157.83111942734183,81.32962555466051,4,L
27,150.3025149991257,96.31913033650434,4,L
34,175.89898856618413,50.9558047214882,7,XXXL
37,185.92122195799948,73.84217341589085,1,XXS
41,159.73929186305196,84.38610212152804,7,XXXL
22,187.08138179185227,86.13534788491143,3,M
51,152.41069561158244,84.6266215768554,6,XXL
23,187.37744107222056,56.72175647040609,6,XXL
19,164.06490748958538,64.96977941858407,2,S
30,154.05683313796865,67.93577627085068,1,XXS
60,169.43487036745302,90.22186038397524,1,XXS
60,160.27106270882032,63.93799362072765,6,XXL
28,161.3949160784769,60.53524819336016,6,XXL
64,162.29159859705146,97.87240095190481,5,XL
40,182.12103591330654,50.443164255673445,5,XL
33,171.56645106701018,99.89104278409891,5,XL
48,162.45230796624014,83.84106494286978,1,XXS
28,174.41335133243672,91.42346497245586,2,S
33,178.64602696892774,64.73096981730966,4,L
25,160.90496002934134,50.715763883353,5,XL
21,166.54196406101406,86.8934759280765,2,S
57,154.8754437334779,91.7072298500338,7,XXXL
21,157.2459739813872,87.02380659767596,3,M
42,177.24471415859932,57.14251436504193,5,XL
20,157.25753390782506,87.67139611284846,7,XXXL
49,171.0065353466824,88.44613910538206,4,L
20,178.3618504688973,82.92702578350274,3,M
44,154.27507692378975,88.30579663977932,3,M
46,172.69248878515614,92.2960719838866,4,L
49,160.26251134805455,80.68020571187293,5,XL
36,188.5170750095032,54.430235698483955,1,XXS
38,169.341825868797,74.38139048336055,4,L
22,182.2397019910063,53.88246673358025,4,L
35,172.00906168625048,70.37715155162154,4,L
45,151.73650131419276,70.35532445628138,3,M
59,175.3260550237609,53.30049220701208,2,S
39,188.05613368826627,67.44102669847396,7,XXXL
38,174.06447280585326,55.54990493956574,1,XXS
23,182.7675543770716,90.4117605004611,5,XL
18,185.3682585339363,97.38440129822354,5,XL
22,159.1231908779573,53.61582376289693,7,XXXL
58,158.48179359632906,97.75576036458507,2,S
29,174.43923955403966,76.12882996683726,4,L
43,166.4411387922682,64.9782838976937,1,XXS
63,183.5944521146688,53.84310376380817,5,XL
51,186.00092493592044,75.0312134035209,7,XXXL
31,164.1368551721087,89.72577722453744,6,XXL
43,159.47482235897928,85.35432386333491,7,XXXL
62,181.22102060975448,52.51130057319869,5,XL
44,160.99224142192546,53.645091768395176,4,L
26,182.90457274054714,70.14366413163185,6,XXL
43,166.94953014595052,64.76452470239717,2,S
64,176.70199597165882,61.619216152802395,1,XXS
39,153.82141255338672,64.05022494543567,2,S
64,174.95437298706292,90.17413716484424,2,S
47,168.07070714948918,96.46140268159269,7,XXXL
60,173.46433852701895,70.25513472637832,1,XXS
34,156.72056830979454,95.30555010662485,1,XXS
43,179.4749497977673,66.0747850623941,5,XL
53,184.51188310172915,73.82184931718959,5,XL
18,158.66959200363104,61.30144989079999,1,XXS
25,153.82858222080648,82.0238021087922,6,XXL
52,150.94554344185346,98.94905575874044,3,M
32,175.67886001773064,80.17465480216893,5,XL
64,174.28376144355124,67.89070420567745,3,M
39,171.8678965085628,82.39087229952642,7,XXXL
31,159.277883844639,56.14603392326938,6,XXL
43,165.6362398362206,94.43295401326993,1,XXS
45,173.77905340744692,75.15419753899181,6,XXL
40,169.87067435436677,72.4674871019821,5,XL
31,189.5114208085955,79.29323942267595,2,S
41,155.45759010226934,81.23919313947013,7,XXXL
19,177.80578216190375,53.58879031132565,1,XXS
62,166.1727507241717,84.13086106117012,4,L
43,167.12798459702458,62.09658401577648,7,XXXL
31,178.70391062632706,85.69763162532949,3,M
24,177.69744605297478,91.12673971920984,6,XXL
20,189.65023974808753,90.197925377626,1,XXS
64,155.13577157816502,77.62504837039445,7,XXXL
40,154.16438597536666,76.00849461553756,6,XXL
63,178.97355268514966,57.14379806697059,1,XXS
60,173.13547668025637,88.76730752015678,5,XL
64,160.96642666239222,63.570469022335715,7,XXXL
62,153.17677475955946,74.83477114089733,5,XL
35,153.42632998385722,64.21370464637583,7,XXXL
55,185.76763498656473,56.691418149984656,5,XL
52,157.6746929887497,81.47788484458682,6,XXL
32,162.93486248462082,52.71660174114519,4,L
42,159.06625608907953,87.43226170631,7,XXXL
54,164.19985223327748,65.87933976305584,7,XXXL
45,152.77695370984372,50.00673465022427,5,XL
27,170.76239163633082,75.55645696186149,1,XXS
56,152.7045025436886,52.34259542638016,7,XXXL
34,182.01426031289446,63.80847789104497,5,XL
56,159.3484832764173,85.3488243727858,2,S
39,171.60047658418043,53.13448108109329,5,XL
43,185.20316350245832,91.96692461780012,6,XXL
61,176.03509476188776,50.19099613292916,4,L
42,171.3183114620534,62.34119346009511,2,S
34,162.97335012461502,87.04520280760357,6,XXL
30,163.32007652232792,65.81350748646534,6,XXL
37,176.7794782079276,55.094619403300676,6,XXL
42,189.7655744488467,68.0116959400214,1,XXS
21,176.47356759397513,63.51966431922628,6,XXL
27,172.31133669480099,92.13559510802774,1,XXS
20,179.22602040956986,65.66739587925716,6,XXL
58,168.60822449134872,89.44662358880036,3,M
62,152.40569370403142,94.59360724053673,2,S
35,172.4918726351164,71.69087097882648,3,M
64,188.3050113802152,95.4971571927196,6,XXL
53,157.0121176943064,68.86590269815964,2,S
64,177.60019563282663,98.20392082450542,2,S
39,158.03734754636227,54.46447622627865,7,XXXL
51,171.43310737892324,84.35096332516213,4,L
64,153.8670579858688,74.69070202284644,3,M
25,168.0148374503274,69.38244027278236,4,L
57,180.24653315580986,81.63559393743004,2,S
61,163.90286096955927,85.19285458171656,1,XXS
36,176.59646897948872,50.21816348251546,2,S
59,181.81799843158916,58.347654437359935,4,L
58,187.0871127791781,85.65230253171593,3,M
54,159.38568327421814,83.31927067891033,6,XXL
23,165.9726366323723,98.30237525643386,7,XXXL
43,156.09664053321669,88.05188951253915,7,XXXL
51,189.699340086335,97.53863538656691,7,XXXL
62,187.0800387169718,85.12702507674035,6,XXL
23,171.5982852112224,64.90261043197216,7,XXXL
54,183.68133177505683,55.268246112542826,3,M
50,170.8383190908817,89.09119316724679,6,XXL
39,174.9434275201104,82.2074610737958,7,XXXL
38,153.56497728464066,52.40930061966481,6,XXL
23,180.21081681987232,68.00252329504892,4,L
23,155.10853934540938,97.8399907742143,3,M
21,183.04270521010113,75.02005728551006,5,XL
47,181.28112350681545,71.63645680098523,1,XXS
28,178.34978790971905,72.8849802579647,7,XXXL
47,151.44641522099047,60.444136200258185,1,XXS
48,162.12513423781314,68.43535854323976,6,XXL
41,160.52450279643372,68.49066279935883,1,XXS
26,164.40545629886077,52.61775100937362,3,M
20,153.50570987055355,88.37838142589591,3,M
48,187.47831292124252,70.82522159519395,2,S
57,172.15208962849505,91.10899434082117,7,XXXL
54,162.22097242632094,92.51740005599477,2,S
53,165.87926068297133,60.599702734932904,1,XXS
41,167.88810162019342,82.86767410850644,5,XL
48,174.0237733344247,73.6140902081491,2,S
23,170.62717710785992,94.00783689607425,2,S
19,186.7756789285767,60.787033958822704,3,M
37,169.8785393162332,83.89066001550222,5,XL
45,189.6863205929325,80.38760611263612,6,XXL
28,184.05699830980382,64.76507387859164,1,XXS
21,158.34042057429343,56.83004518255863,2,S
32,187.22380858575664,82.58198802386383,5,XL
23,154.65465591541906,86.92987290661654,7,XXXL
47,182.69798833964768,65.78136718816751,5,XL
55,165.2249317390632,82.2416302011157,1,XXS
19,185.11897281780278,69.75654538057516,5,XL
32,184.722267604298,85.66034416413089,5,XL
28,182.23701600470486,59.96076374470265,5,XL
25,181.60121745228247,94.51075013180872,7,XXXL
43,162.18716556392164,64.37047982327898,2,S
62,153.2367713220501,68.38929938780765,1,XXS
61,166.11920715060646,52.90459760401749,7,XXXL
22,156.94098059946035,55.57561061606382,5,XL
23,177.79804355609846,75.7930951356164,5,XL
43,163.84398906151142,63.379633836398575,2,S
21,189.0244080343966,91.77401128710972,1,XXS
36,175.6388830938133,50.734669432747694,3,M
37,182.89922254537444,68.95470243359681,7,XXXL
50,155.30098690967392,66.86727733845464,2,S
37,184.4805792909049,50.966381545880054,1,XXS
29,186.91028762053577,56.21841995002551,7,XXXL
64,169.48247675275744,70.68213374593176,5,XL
18,174.2501175100391,74.64322922237233,1,XXS
43,180.5923920361198,70.21448736274345,1,XXS
31,156.9935450904165,76.5468839206047,6,XXL
55,170.1026430585377,79.75658374528408,1,XXS
54,165.94652111089252,50.49619105639178,3,M
28,155.85495968648996,73.2047579726752,1,XXS
53,164.70137689166125,98.17496204437941,3,M
30,152.72689237541974,75.95161400647743,5,XL
60,151.03247627797947,83.87711337294766,3,M
20,155.40665156619292,65.59319289584415,7,XXXL
50,188.52460446356696,88.69956890763812,5,XL
23,171.9811814358007,88.64607409380575,5,XL
27,188.6328864461288,76.06480238270694,3,M
22,167.29991513320527,98.80069116396068,2,S
40,162.47264532341038,56.27751073813267,4,L
27,170.24567451360977,50.84738324447905,1,XXS
61,167.5804675453164,88.50791058785481,6,XXL
19,154.22658737046976,90.35777686824413,4,L
